website_name,official_url
Google,https://www.google.com
YouTube,https://www.youtube.com
Facebook,https://www.facebook.com
Instagram,https://www.instagram.com
X,https://x.com
Reddit,https://www.reddit.com
Wikipedia,https://www.wikipedia.org
Amazon,https://www.amazon.com
Netflix,https://www.netflix.com
LinkedIn,https://www.linkedin.com
TikTok,https://www.tiktok.com
Bing,https://www.bing.com
Yahoo,https://www.yahoo.com
Yandex,https://yandex.com
Baidu,https://www.baidu.com
Pinterest,https://www.pinterest.com
Quora,https://www.quora.com
Twitch,https://www.twitch.tv
Zoom,https://zoom.us
Canva,https://www.canva.com
Microsoft,https://www.microsoft.com
Apple,https://www.apple.com
OpenAI,https://www.openai.com
ChatGPT,https://chat.openai.com
Stack Overflow,https://stackoverflow.com
GitHub,https://github.com
GitLab,https://gitlab.com
Bitbucket,https://bitbucket.org
Medium,https://medium.com
WordPress,https://wordpress.com
Blogger,https://www.blogger.com
Dropbox,https://www.dropbox.com
Slack,https://slack.com
Notion,https://www.notion.so
Figma,https://www.figma.com
Adobe,https://www.adobe.com
PayPal,https://www.paypal.com
Stripe,https://stripe.com
eBay,https://www.ebay.com
AliExpress,https://www.aliexpress.com
Alibaba,https://www.alibaba.com
CNN,https://www.cnn.com
BBC,https://www.bbc.com
The New York Times,https://www.nytimes.com
The Guardian,https://www.theguardian.com
ESPN,https://www.espn.com
IMDb,https://www.imdb.com
Spotify,https://www.spotify.com
SoundCloud,https://soundcloud.com
Vimeo,https://vimeo.com
Coursera,https://www.coursera.org
Udemy,https://www.udemy.com
Khan Academy,https://www.khanacademy.org
Airbnb,https://www.airbnb.com
Booking,https://www.booking.com
Tripadvisor,https://www.tripadvisor.com
Weather,https://weather.com
DuckDuckGo,https://duckduckgo.com
ProtonMail,https://proton.me
W3Schools,https://www.w3schools.com
ExampleSite61,https://www.examplesite61.com
ExampleSite62,https://www.examplesite62.com
ExampleSite63,https://www.examplesite63.com
ExampleSite64,https://www.examplesite64.com
ExampleSite65,https://www.examplesite65.com
ExampleSite66,https://www.examplesite66.com
ExampleSite67,https://www.examplesite67.com
ExampleSite68,https://www.examplesite68.com
ExampleSite69,https://www.examplesite69.com
ExampleSite70,https://www.examplesite70.com
ExampleSite71,https://www.examplesite71.com
ExampleSite72,https://www.examplesite72.com
ExampleSite73,https://www.examplesite73.com
ExampleSite74,https://www.examplesite74.com
ExampleSite75,https://www.examplesite75.com
ExampleSite76,https://www.examplesite76.com
ExampleSite77,https://www.examplesite77.com
ExampleSite78,https://www.examplesite78.com
ExampleSite79,https://www.examplesite79.com
ExampleSite80,https://www.examplesite80.com
ExampleSite81,https://www.examplesite81.com
ExampleSite82,https://www.examplesite82.com
ExampleSite83,https://www.examplesite83.com
ExampleSite84,https://www.examplesite84.com
ExampleSite85,https://www.examplesite85.com
ExampleSite86,https://www.examplesite86.com
ExampleSite87,https://www.examplesite87.com
ExampleSite88,https://www.examplesite88.com
ExampleSite89,https://www.examplesite89.com
ExampleSite90,https://www.examplesite90.com
ExampleSite91,https://www.examplesite91.com
ExampleSite92,https://www.examplesite92.com
ExampleSite93,https://www.examplesite93.com
ExampleSite94,https://www.examplesite94.com
ExampleSite95,https://www.examplesite95.com
ExampleSite96,https://www.examplesite96.com
ExampleSite97,https://www.examplesite97.com
ExampleSite98,https://www.examplesite98.com
ExampleSite99,https://www.examplesite99.com
ExampleSite100,https://www.examplesite100.com
ExampleSite101,https://www.examplesite101.com
ExampleSite102,https://www.examplesite102.com
ExampleSite103,https://www.examplesite103.com
ExampleSite104,https://www.examplesite104.com
ExampleSite105,https://www.examplesite105.com
ExampleSite106,https://www.examplesite106.com
ExampleSite107,https://www.examplesite107.com
ExampleSite108,https://www.examplesite108.com
ExampleSite109,https://www.examplesite109.com
ExampleSite110,https://www.examplesite110.com
ExampleSite111,https://www.examplesite111.com
ExampleSite112,https://www.examplesite112.com
ExampleSite113,https://www.examplesite113.com
ExampleSite114,https://www.examplesite114.com
ExampleSite115,https://www.examplesite115.com
ExampleSite116,https://www.examplesite116.com
ExampleSite117,https://www.examplesite117.com
ExampleSite118,https://www.examplesite118.com
ExampleSite119,https://www.examplesite119.com
ExampleSite120,https://www.examplesite120.com
ExampleSite121,https://www.examplesite121.com
ExampleSite122,https://www.examplesite122.com
ExampleSite123,https://www.examplesite123.com
ExampleSite124,https://www.examplesite124.com
ExampleSite125,https://www.examplesite125.com
ExampleSite126,https://www.examplesite126.com
ExampleSite127,https://www.examplesite127.com
ExampleSite128,https://www.examplesite128.com
ExampleSite129,https://www.examplesite129.com
ExampleSite130,https://www.examplesite130.com
ExampleSite131,https://www.examplesite131.com
ExampleSite132,https://www.examplesite132.com
ExampleSite133,https://www.examplesite133.com
ExampleSite134,https://www.examplesite134.com
ExampleSite135,https://www.examplesite135.com
ExampleSite136,https://www.examplesite136.com
ExampleSite137,https://www.examplesite137.com
ExampleSite138,https://www.examplesite138.com
ExampleSite139,https://www.examplesite139.com
ExampleSite140,https://www.examplesite140.com
ExampleSite141,https://www.examplesite141.com
ExampleSite142,https://www.examplesite142.com
ExampleSite143,https://www.examplesite143.com
ExampleSite144,https://www.examplesite144.com
ExampleSite145,https://www.examplesite145.com
ExampleSite146,https://www.examplesite146.com
ExampleSite147,https://www.examplesite147.com
ExampleSite148,https://www.examplesite148.com
ExampleSite149,https://www.examplesite149.com
ExampleSite150,https://www.examplesite150.com
ExampleSite151,https://www.examplesite151.com
ExampleSite152,https://www.examplesite152.com
ExampleSite153,https://www.examplesite153.com
ExampleSite154,https://www.examplesite154.com
ExampleSite155,https://www.examplesite155.com
ExampleSite156,https://www.examplesite156.com
ExampleSite157,https://www.examplesite157.com
ExampleSite158,https://www.examplesite158.com
ExampleSite159,https://www.examplesite159.com
ExampleSite160,https://www.examplesite160.com
ExampleSite161,https://www.examplesite161.com
ExampleSite162,https://www.examplesite162.com
ExampleSite163,https://www.examplesite163.com
ExampleSite164,https://www.examplesite164.com
ExampleSite165,https://www.examplesite165.com
ExampleSite166,https://www.examplesite166.com
ExampleSite167,https://www.examplesite167.com
ExampleSite168,https://www.examplesite168.com
ExampleSite169,https://www.examplesite169.com
ExampleSite170,https://www.examplesite170.com
ExampleSite171,https://www.examplesite171.com
ExampleSite172,https://www.examplesite172.com
ExampleSite173,https://www.examplesite173.com
ExampleSite174,https://www.examplesite174.com
ExampleSite175,https://www.examplesite175.com
ExampleSite176,https://www.examplesite176.com
ExampleSite177,https://www.examplesite177.com
ExampleSite178,https://www.examplesite178.com
ExampleSite179,https://www.examplesite179.com
ExampleSite180,https://www.examplesite180.com
ExampleSite181,https://www.examplesite181.com
ExampleSite182,https://www.examplesite182.com
ExampleSite183,https://www.examplesite183.com
ExampleSite184,https://www.examplesite184.com
ExampleSite185,https://www.examplesite185.com
ExampleSite186,https://www.examplesite186.com
ExampleSite187,https://www.examplesite187.com
ExampleSite188,https://www.examplesite188.com
ExampleSite189,https://www.examplesite189.com
ExampleSite190,https://www.examplesite190.com
ExampleSite191,https://www.examplesite191.com
ExampleSite192,https://www.examplesite192.com
ExampleSite193,https://www.examplesite193.com
ExampleSite194,https://www.examplesite194.com
ExampleSite195,https://www.examplesite195.com
ExampleSite196,https://www.examplesite196.com
ExampleSite197,https://www.examplesite197.com
ExampleSite198,https://www.examplesite198.com
ExampleSite199,https://www.examplesite199.com
ExampleSite200,https://www.examplesite200.com
ExampleSite201,https://www.examplesite201.com
ExampleSite202,https://www.examplesite202.com
ExampleSite203,https://www.examplesite203.com
ExampleSite204,https://www.examplesite204.com
ExampleSite205,https://www.examplesite205.com
ExampleSite206,https://www.examplesite206.com
ExampleSite207,https://www.examplesite207.com
ExampleSite208,https://www.examplesite208.com
ExampleSite209,https://www.examplesite209.com
ExampleSite210,https://www.examplesite210.com
ExampleSite211,https://www.examplesite211.com
ExampleSite212,https://www.examplesite212.com
ExampleSite213,https://www.examplesite213.com
ExampleSite214,https://www.examplesite214.com
ExampleSite215,https://www.examplesite215.com
ExampleSite216,https://www.examplesite216.com
ExampleSite217,https://www.examplesite217.com
ExampleSite218,https://www.examplesite218.com
ExampleSite219,https://www.examplesite219.com
ExampleSite220,https://www.examplesite220.com
ExampleSite221,https://www.examplesite221.com
ExampleSite222,https://www.examplesite222.com
ExampleSite223,https://www.examplesite223.com
ExampleSite224,https://www.examplesite224.com
ExampleSite225,https://www.examplesite225.com
ExampleSite226,https://www.examplesite226.com
ExampleSite227,https://www.examplesite227.com
ExampleSite228,https://www.examplesite228.com
ExampleSite229,https://www.examplesite229.com
ExampleSite230,https://www.examplesite230.com
ExampleSite231,https://www.examplesite231.com
ExampleSite232,https://www.examplesite232.com
ExampleSite233,https://www.examplesite233.com
ExampleSite234,https://www.examplesite234.com
ExampleSite235,https://www.examplesite235.com
ExampleSite236,https://www.examplesite236.com
ExampleSite237,https://www.examplesite237.com
ExampleSite238,https://www.examplesite238.com
ExampleSite239,https://www.examplesite239.com
ExampleSite240,https://www.examplesite240.com
ExampleSite241,https://www.examplesite241.com
ExampleSite242,https://www.examplesite242.com
ExampleSite243,https://www.examplesite243.com
ExampleSite244,https://www.examplesite244.com
ExampleSite245,https://www.examplesite245.com
ExampleSite246,https://www.examplesite246.com
ExampleSite247,https://www.examplesite247.com
ExampleSite248,https://www.examplesite248.com
ExampleSite249,https://www.examplesite249.com
ExampleSite250,https://www.examplesite250.com
ExampleSite251,https://www.examplesite251.com
ExampleSite252,https://www.examplesite252.com
ExampleSite253,https://www.examplesite253.com
ExampleSite254,https://www.examplesite254.com
ExampleSite255,https://www.examplesite255.com
ExampleSite256,https://www.examplesite256.com
ExampleSite257,https://www.examplesite257.com
ExampleSite258,https://www.examplesite258.com
ExampleSite259,https://www.examplesite259.com
ExampleSite260,https://www.examplesite260.com
ExampleSite261,https://www.examplesite261.com
ExampleSite262,https://www.examplesite262.com
ExampleSite263,https://www.examplesite263.com
ExampleSite264,https://www.examplesite264.com
ExampleSite265,https://www.examplesite265.com
ExampleSite266,https://www.examplesite266.com
ExampleSite267,https://www.examplesite267.com
ExampleSite268,https://www.examplesite268.com
ExampleSite269,https://www.examplesite269.com
ExampleSite270,https://www.examplesite270.com
ExampleSite271,https://www.examplesite271.com
ExampleSite272,https://www.examplesite272.com
ExampleSite273,https://www.examplesite273.com
ExampleSite274,https://www.examplesite274.com
ExampleSite275,https://www.examplesite275.com
ExampleSite276,https://www.examplesite276.com
ExampleSite277,https://www.examplesite277.com
ExampleSite278,https://www.examplesite278.com
ExampleSite279,https://www.examplesite279.com
ExampleSite280,https://www.examplesite280.com
ExampleSite281,https://www.examplesite281.com
ExampleSite282,https://www.examplesite282.com
ExampleSite283,https://www.examplesite283.com
ExampleSite284,https://www.examplesite284.com
ExampleSite285,https://www.examplesite285.com
ExampleSite286,https://www.examplesite286.com
ExampleSite287,https://www.examplesite287.com
ExampleSite288,https://www.examplesite288.com
ExampleSite289,https://www.examplesite289.com
ExampleSite290,https://www.examplesite290.com
ExampleSite291,https://www.examplesite291.com
ExampleSite292,https://www.examplesite292.com
ExampleSite293,https://www.examplesite293.com
ExampleSite294,https://www.examplesite294.com
ExampleSite295,https://www.examplesite295.com
ExampleSite296,https://www.examplesite296.com
ExampleSite297,https://www.examplesite297.com
ExampleSite298,https://www.examplesite298.com
ExampleSite299,https://www.examplesite299.com
ExampleSite300,https://www.examplesite300.com
ExampleSite301,https://www.examplesite301.com
ExampleSite302,https://www.examplesite302.com
ExampleSite303,https://www.examplesite303.com
ExampleSite304,https://www.examplesite304.com
ExampleSite305,https://www.examplesite305.com
ExampleSite306,https://www.examplesite306.com
ExampleSite307,https://www.examplesite307.com
ExampleSite308,https://www.examplesite308.com
ExampleSite309,https://www.examplesite309.com
ExampleSite310,https://www.examplesite310.com
ExampleSite311,https://www.examplesite311.com
ExampleSite312,https://www.examplesite312.com
ExampleSite313,https://www.examplesite313.com
ExampleSite314,https://www.examplesite314.com
ExampleSite315,https://www.examplesite315.com
ExampleSite316,https://www.examplesite316.com
ExampleSite317,https://www.examplesite317.com
ExampleSite318,https://www.examplesite318.com
ExampleSite319,https://www.examplesite319.com
ExampleSite320,https://www.examplesite320.com
ExampleSite321,https://www.examplesite321.com
ExampleSite322,https://www.examplesite322.com
ExampleSite323,https://www.examplesite323.com
ExampleSite324,https://www.examplesite324.com
ExampleSite325,https://www.examplesite325.com
ExampleSite326,https://www.examplesite326.com
ExampleSite327,https://www.examplesite327.com
ExampleSite328,https://www.examplesite328.com
ExampleSite329,https://www.examplesite329.com
ExampleSite330,https://www.examplesite330.com
ExampleSite331,https://www.examplesite331.com
ExampleSite332,https://www.examplesite332.com
ExampleSite333,https://www.examplesite333.com
ExampleSite334,https://www.examplesite334.com
ExampleSite335,https://www.examplesite335.com
ExampleSite336,https://www.examplesite336.com
ExampleSite337,https://www.examplesite337.com
ExampleSite338,https://www.examplesite338.com
ExampleSite339,https://www.examplesite339.com
ExampleSite340,https://www.examplesite340.com
ExampleSite341,https://www.examplesite341.com
ExampleSite342,https://www.examplesite342.com
ExampleSite343,https://www.examplesite343.com
ExampleSite344,https://www.examplesite344.com
ExampleSite345,https://www.examplesite345.com
ExampleSite346,https://www.examplesite346.com
ExampleSite347,https://www.examplesite347.com
ExampleSite348,https://www.examplesite348.com
ExampleSite349,https://www.examplesite349.com
ExampleSite350,https://www.examplesite350.com
ExampleSite351,https://www.examplesite351.com
ExampleSite352,https://www.examplesite352.com
ExampleSite353,https://www.examplesite353.com
ExampleSite354,https://www.examplesite354.com
ExampleSite355,https://www.examplesite355.com
ExampleSite356,https://www.examplesite356.com
ExampleSite357,https://www.examplesite357.com
ExampleSite358,https://www.examplesite358.com
ExampleSite359,https://www.examplesite359.com
ExampleSite360,https://www.examplesite360.com
ExampleSite361,https://www.examplesite361.com
ExampleSite362,https://www.examplesite362.com
ExampleSite363,https://www.examplesite363.com
ExampleSite364,https://www.examplesite364.com
ExampleSite365,https://www.examplesite365.com
ExampleSite366,https://www.examplesite366.com
ExampleSite367,https://www.examplesite367.com
ExampleSite368,https://www.examplesite368.com
ExampleSite369,https://www.examplesite369.com
ExampleSite370,https://www.examplesite370.com
ExampleSite371,https://www.examplesite371.com
ExampleSite372,https://www.examplesite372.com
ExampleSite373,https://www.examplesite373.com
ExampleSite374,https://www.examplesite374.com
ExampleSite375,https://www.examplesite375.com
ExampleSite376,https://www.examplesite376.com
ExampleSite377,https://www.examplesite377.com
ExampleSite378,https://www.examplesite378.com
ExampleSite379,https://www.examplesite379.com
ExampleSite380,https://www.examplesite380.com
ExampleSite381,https://www.examplesite381.com
ExampleSite382,https://www.examplesite382.com
ExampleSite383,https://www.examplesite383.com
ExampleSite384,https://www.examplesite384.com
ExampleSite385,https://www.examplesite385.com
ExampleSite386,https://www.examplesite386.com
ExampleSite387,https://www.examplesite387.com
ExampleSite388,https://www.examplesite388.com
ExampleSite389,https://www.examplesite389.com
ExampleSite390,https://www.examplesite390.com
ExampleSite391,https://www.examplesite391.com
ExampleSite392,https://www.examplesite392.com
ExampleSite393,https://www.examplesite393.com
ExampleSite394,https://www.examplesite394.com
ExampleSite395,https://www.examplesite395.com
ExampleSite396,https://www.examplesite396.com
ExampleSite397,https://www.examplesite397.com
ExampleSite398,https://www.examplesite398.com
ExampleSite399,https://www.examplesite399.com
ExampleSite400,https://www.examplesite400.com
ExampleSite401,https://www.examplesite401.com
ExampleSite402,https://www.examplesite402.com
ExampleSite403,https://www.examplesite403.com
ExampleSite404,https://www.examplesite404.com
ExampleSite405,https://www.examplesite405.com
ExampleSite406,https://www.examplesite406.com
ExampleSite407,https://www.examplesite407.com
ExampleSite408,https://www.examplesite408.com
ExampleSite409,https://www.examplesite409.com
ExampleSite410,https://www.examplesite410.com
ExampleSite411,https://www.examplesite411.com
ExampleSite412,https://www.examplesite412.com
ExampleSite413,https://www.examplesite413.com
ExampleSite414,https://www.examplesite414.com
ExampleSite415,https://www.examplesite415.com
ExampleSite416,https://www.examplesite416.com
ExampleSite417,https://www.examplesite417.com
ExampleSite418,https://www.examplesite418.com
ExampleSite419,https://www.examplesite419.com
ExampleSite420,https://www.examplesite420.com
ExampleSite421,https://www.examplesite421.com
ExampleSite422,https://www.examplesite422.com
ExampleSite423,https://www.examplesite423.com
ExampleSite424,https://www.examplesite424.com
ExampleSite425,https://www.examplesite425.com
ExampleSite426,https://www.examplesite426.com
ExampleSite427,https://www.examplesite427.com
ExampleSite428,https://www.examplesite428.com
ExampleSite429,https://www.examplesite429.com
ExampleSite430,https://www.examplesite430.com
ExampleSite431,https://www.examplesite431.com
ExampleSite432,https://www.examplesite432.com
ExampleSite433,https://www.examplesite433.com
ExampleSite434,https://www.examplesite434.com
ExampleSite435,https://www.examplesite435.com
ExampleSite436,https://www.examplesite436.com
ExampleSite437,https://www.examplesite437.com
ExampleSite438,https://www.examplesite438.com
ExampleSite439,https://www.examplesite439.com
ExampleSite440,https://www.examplesite440.com
ExampleSite441,https://www.examplesite441.com
ExampleSite442,https://www.examplesite442.com
ExampleSite443,https://www.examplesite443.com
ExampleSite444,https://www.examplesite444.com
ExampleSite445,https://www.examplesite445.com
ExampleSite446,https://www.examplesite446.com
ExampleSite447,https://www.examplesite447.com
ExampleSite448,https://www.examplesite448.com
ExampleSite449,https://www.examplesite449.com
ExampleSite450,https://www.examplesite450.com
ExampleSite451,https://www.examplesite451.com
ExampleSite452,https://www.examplesite452.com
ExampleSite453,https://www.examplesite453.com
ExampleSite454,https://www.examplesite454.com
ExampleSite455,https://www.examplesite455.com
ExampleSite456,https://www.examplesite456.com
ExampleSite457,https://www.examplesite457.com
ExampleSite458,https://www.examplesite458.com
ExampleSite459,https://www.examplesite459.com
ExampleSite460,https://www.examplesite460.com
ExampleSite461,https://www.examplesite461.com
ExampleSite462,https://www.examplesite462.com
ExampleSite463,https://www.examplesite463.com
ExampleSite464,https://www.examplesite464.com
ExampleSite465,https://www.examplesite465.com
ExampleSite466,https://www.examplesite466.com
ExampleSite467,https://www.examplesite467.com
ExampleSite468,https://www.examplesite468.com
ExampleSite469,https://www.examplesite469.com
ExampleSite470,https://www.examplesite470.com
ExampleSite471,https://www.examplesite471.com
ExampleSite472,https://www.examplesite472.com
ExampleSite473,https://www.examplesite473.com
ExampleSite474,https://www.examplesite474.com
ExampleSite475,https://www.examplesite475.com
ExampleSite476,https://www.examplesite476.com
ExampleSite477,https://www.examplesite477.com
ExampleSite478,https://www.examplesite478.com
ExampleSite479,https://www.examplesite479.com
ExampleSite480,https://www.examplesite480.com
ExampleSite481,https://www.examplesite481.com
ExampleSite482,https://www.examplesite482.com
ExampleSite483,https://www.examplesite483.com
ExampleSite484,https://www.examplesite484.com
ExampleSite485,https://www.examplesite485.com
ExampleSite486,https://www.examplesite486.com
ExampleSite487,https://www.examplesite487.com
ExampleSite488,https://www.examplesite488.com
ExampleSite489,https://www.examplesite489.com
ExampleSite490,https://www.examplesite490.com
ExampleSite491,https://www.examplesite491.com
ExampleSite492,https://www.examplesite492.com
ExampleSite493,https://www.examplesite493.com
ExampleSite494,https://www.examplesite494.com
ExampleSite495,https://www.examplesite495.com
ExampleSite496,https://www.examplesite496.com
ExampleSite497,https://www.examplesite497.com
ExampleSite498,https://www.examplesite498.com
ExampleSite499,https://www.examplesite499.com
ExampleSite500,https://www.examplesite500.com
